SKU,Parfum_Ismi,Koku_Ailesi,Ust_Nota,Kalp_Nota,Dip_Nota,Karakter
"W 1","ANGEL","Oryantal & Yoğun & Gurme","Kavun, Hindistan Cevizi, Mandalina","Bal, Böğürtlen, Orkide, Şeftali, Gül","Çikolata, Karamel, Paçuli, Vanilya, Misk","Çekicilik, Özgüven ve Cinsel Arzu - Klasik / Minimalist"
"W 10","GOOD GIRL","Oryantal & Gurme & İddialı","Badem, Kahve çekirdeği, Bergamot","Yasemin Sambac, Sümbülteber, Süsen","Tonka Fasulyesi, Kakao, Vanilya, Pralin","Çekicilik, Özgüven ve Cinsel Arzu - Klasik / Minimalist"
"W 100","ESCADA COLLECTION","Oryantal & Gurme & Ağır","Erik, Sıcak Karamel","Yasemin, Gül, Portakal Çiçeği","Sandal Ağacı, Madagaskar Vanilyası, Tonka","Çekicilik, Özgüven ve Cinsel Arzu - Lüks ve Ağır Cam İşçiliği"
"W 101","SEXY GRAFFITI","Meyveli & Tropikal & Tatlı","Çilek, Ahududu, Siyah Frenk Üzümü, Greyfurt","Zambak, Menekşe, Şakayık","Vanilya, Misk, Kaşmir Ağacı","Çekicilik, Özgüven ve Cinsel Arzu - Klasik / Minimalist"
"W 102","TOUCH OF PINK","Çiçeksi & Meyveli & Genç","Kan Portakalı, Kardamom, Kişniş, Şeftali","Yasemin, Menekşe Yaprağı, Havuç Tohumu","Vanilya, Misk, Sandal Ağacı","Sıcaklık, Huzur ve Yakınlık - Zarif ve Feminen Kıvrımlar"
"W 104","GAULTIER 2","Oryantal & Unisex & Yoğun","Sıcak Kehribar (Amber)","Pudralı Misk","Tatlı Madagaskar Vanilyası","Çekicilik, Özgüven ve Cinsel Arzu - Klasik / Minimalist"
"W 105","CODE FEMME","Oryantal & Çiçeksi & Çekici","İtalyan Portakalı, Acı Portakal, Yasemin","Portakal Çiçeği, Zencefil Akoru","Portakal Çiçeği Balı, Vanilya, Sandalwood","Çekicilik, Özgüven ve Cinsel Arzu - Zarif ve Feminen Kıvrımlar"
"W 106","CAROLINA HERRERA WOMEN","Çiçeksi & Klasik & Pudralı","Kayısı, Portakal Çiçeği, Bergamot, Yeşil","Sümbülteber, Yasemin, Ylang-Ylang, Nergis, Balmumu","Misk, Sandal Ağacı, Kehribar, Sedir, Meşe Yosunu","Ferahlık ve Enerji - Zarif ve Feminen Kıvrımlar"
"W 107","LIBRE","Oryantal & Fougère & Lavantalı","Lavanta, Mandalina, Siyah Frenk Üzümü, Petitgrain","Lavanta, Portakal Çiçeği, Yasemin","Madagaskar Vanilyası, Misk, Sedir Ağacı, Ambergris","Çekicilik, Özgüven ve Cinsel Arzu - Klasik / Minimalist"
"W 108","BLV NOTTE","Oryantal & Çikolata & Gece","Galanga, Mandalina, Anason, Bergamot","Vadi Zambağı, İris, Karamelize Notlar","Koyu Siyah Çikolata, Sandal Ağacı, Kehribar","Çekicilik, Özgüven ve Cinsel Arzu - Klasik / Minimalist"
"W 109","BY GUCCI","Şipre & Meyveli & Karakterli","Sulu Armut, Egzotik Guava","Tiare Çiçeği (Tahiti Gardenyası)","Paçuli, Misk, Sıcak Bal","Ferahlık ve Enerji - Klasik / Minimalist"
"W 11","ESCAPE","Meyveli & Canlandırıcı & Canlı","Papatya, Elma, Lychee, Kişniş, Sümbül","Gül, Şeftali, Yasemin, Karanfil Çiçeği","Sandal Ağacı, Misk, Vetiver, Meşe Yosunu","Çekicilik, Özgüven ve Cinsel Arzu - Klasik / Minimalist"
"W 110","RICCI RICCI","Şipre & Çiçeksi & İddialı","Ravent, Bergamot","Datura, Sümbülteber, Tentür Gül","Koyu Paçuli, Sandal Ağacı","Otorite, Güven ve Profesyonellik - Zarif ve Feminen Kıvrımlar"
"W 111","ROSE THE ONE","Çiçeksi & Elegant & Romantik","Siyah Frenk Üzümü, Greyfurt, Mandalina","Pembe Gül, Zambak, Şakayık, Litchi","Vanilya, Misk, Kehribar","Sıcaklık, Huzur ve Yakınlık - Zarif ve Feminen Kıvrımlar"
"W 112","CHOCOLATE GIRL","Gurme & Tatlı & Eğlenceli","Sütlü Çikolata, Mandalina","Kakao Esansı, Kavrulmuş Fındık","Madagaskar Vanilyası, Misk","Sıcaklık, Huzur ve Yakınlık - Klasik / Minimalist"
"W 113","DELİNA","Çiçeksi & Taze & Odunsu","Litchi, Ravent, Bergamot, Hindistan Cevizi","Türk Gülü, Şakayık, Misk, Petalia, Vanilya","Kaşmeran, Sedir Ağacı, Haiti Vetiveri, Tütsü","Ferahlık ve Enerji - Zarif ve Feminen Kıvrımlar"
"W 114","TRESOR IN LOVE","Çiçeksi & Meyveli & Günlük","Nektarin, Armut, Pembe Biber, Bergamot","Taif Gülü, Şeftali, Menekşe, Yasemin","Virginia Sediri, Misk Akoru","Çekicilik, Özgüven ve Cinsel Arzu - Zarif ve Feminen Kıvrımlar"
"W 115","CRYSTAL NOIR","Oryantal & Çiçeksi & Zengin","Karabiber, Zencefil, Kakule","Hindistan Cevizi, Gardenya, Şakayık","Sandal Ağacı, Misk, Mineral Kehribar","Ferahlık ve Enerji - Zarif ve Feminen Kıvrımlar"
"W 117","WISH OF LOVE","Çiçeksi & Meyveli & Hafif","Ekşi Kızılcık","Kiraz Çiçeği, Gül, Ortanca","Şeffaf Misk","Ferahlık ve Enerji - Zarif ve Feminen Kıvrımlar"
"W 118","LOVE OF PINK","Şipre & Meyveli & Genç","Kan Portakalı, Limon kabuğu, Çarkıfelek","Manolya, Stephanotis","Sedir, Misk, Vanilya","Otorite, Güven ve Profesyonellik - Klasik / Minimalist"
"W 119","PERCEIVE","Çiçeksi & Pudralı & Temiz","Beyaz Biber, Sarı Frezya","Armut, Şam Gülü, Gardenya, Erik","Sandal Ağacı, Misk, Vanilya Orkidesi","Sıcaklık, Huzur ve Yakınlık - Zarif ve Feminen Kıvrımlar"
"W 12","EROS WOMAN","Çiçeksi & Odunsu & Musk","Sicilya Limonu, Calabria Bergamotu, Nar","Yasemin Çiçeği, Sambac Yasemin, Şakayık","Sandal Ağacı, Ambroks, Misk, Odunsu Notalar","Çekicilik, Özgüven ve Cinsel Arzu - Zarif ve Feminen Kıvrımlar"
"W 120","PUR BLANKA","Pudralı & Çiçeksi & Ferah","Beyaz Frezya, Su Zambağı, Nane","Beyaz Gül, Beyaz Şakayık, Beyaz Akasya","Pudralı Misk, Sandal Ağacı, Kediotu","Ferahlık ve Enerji - Zarif ve Feminen Kıvrımlar"
"W 121","GUCCI GUILTY","Oryantal & Çiçeksi & Lüks","Pembe Biber, Mandalina, Bergamot","Leylak, Şeftali, Sardunya, Yasemin","Paçuli, Kehribar, Vanilya, Misk","Çekicilik, Özgüven ve Cinsel Arzu - Zarif ve Feminen Kıvrımlar"
"W 122","FLORA BY GUCCI","Çiçeksi & Klasik & Elegant","Şakayık, Narenciye Kabuğu, Mandalina","Mayıs Gülü, Osmanthus","Sandal Ağacı, Paçuli, Pembe Biber","Ferahlık ve Enerji - Zarif ve Feminen Kıvrımlar"
"W 123","LOVE CHLOE","Pudralı & Çiçeksi & Elit","Afrika Portakal Çiçeği, Pembe Biber","Süsen (Iris), Sümbül, Heliotrope, Leylak","Pudralı Notalar, Pirinç Unu Akoru, Misk","Otorite, Güven ve Profesyonellik - Zarif ve Feminen Kıvrımlar"
"W 124","MON PARİS","Şipre & Meyveli & Tatlı","Çilek, Ahududu, Armut, Portakal, Mandalina, Bergamot","Şakayık, Yasemin, Portakal Çiçeği","Endonezya Paçulisi, Beyaz Misk, Amber, Sedir Ağacı","Ferahlık ve Enerji - Klasik / Minimalist"
"W 125","JASMINS MARZIPANE","Çiçeksi & Gurme & Odunsu","Yasemin Sambac, Badem","Yasemin Grandiflorum, Odunsu Notalar","Misk, Vanilya, Sandal Ağacı","Çekicilik, Özgüven ve Cinsel Arzu - Zarif ve Feminen Kıvrımlar"
"W 126","THE ONE","Oryantal & Çiçeksi & Elegant","Ballı Şeftali, Litchi, Mandalina, Bergamot","Beyaz Lilyum, Erik, Yasemin","Vanilya, Kehribar, Misk, Vetiver","Çekicilik, Özgüven ve Cinsel Arzu - Zarif ve Feminen Kıvrımlar"
"W 127","PRADA CANDY","Gurme & Lüks & Tatlı","Yoğun Karamel","Pudralı Misk Akorları, Talk","Siam Benzoin, Madagaskar Vanilyası","Sıcaklık, Huzur ve Yakınlık - Klasik / Minimalist"
"W 128","BLACK ORCHID","Oryantal & Şipre & Karizmatik","Siyah Trüf Mantarı, Ylang-Ylang, Kuşüzümü","Siyah Orkide, Baharatlı Notalar","Paçuli, Sandal Ağacı, Vanilya, Çikolata","Çekicilik, Özgüven ve Cinsel Arzu - Klasik / Minimalist"
"W 129","DYLAN BLUE POUR FEMME","Çiçeksi & Meyveli & Odunsu","Siyah Frenk Üzümü, Granny Smith Elma, Yonca, Unutma Beni Çiçeği","Şeftali, Gül, Petalia, Yasemin","Misk, Beyaz Odunlar, Styrax, Paçuli","Ferahlık ve Enerji - Zarif ve Feminen Kıvrımlar"
"W 13","ARMANI SHE","Oryantal & Tozlu & Yumuşak","Armut, Kireç, Mandalina, Bergamot","Helyotrop, Kardamom, Yasemin, Süsen","Virginia Sediri, Misk, Kehribar, DPG Bazı","Çekicilik, Özgüven ve Cinsel Arzu - Klasik / Minimalist"
"W 130","VANITAS","Çiçeksi & Temiz & Net","Akdeniz Kireç (Lime) Notası","Tiare Çiçeği, İtalyan Frezyası","Virginia Sediri, Tonka Fasulyesi","Otorite, Güven ve Profesyonellik - Zarif ve Feminen Kıvrımlar"
"W 132","BELLE D'OPIUM","Oryantal & Çiçeksi & Gece","Beyaz Çiçekler, Casablanca Lilyumu","Tütsü, Tütün Yaprağı, Karabiber","Paçuli, Kehribar, Sandal Ağacı","Çekicilik, Özgüven ve Cinsel Arzu - Zarif ve Feminen Kıvrımlar"
"W 133","DIESEL LOVERDOSE","Gurme & Oryantal & Afrodizyak","Yıldız Anason, Mandalina","Meyan Kökü, Yasemin, Gardenya","Vanilya, Kehribar, Odunsu Notalar","Çekicilik, Özgüven ve Cinsel Arzu - Klasik / Minimalist"
"W 134","PIEN SEXY CANDY","Gurme & Tatlı & Flörtöz","Pralin, Şekerli","Akışkan Karamel","Madagaskar Vanilyası, Beyaz Misk","Otorite, Güven ve Profesyonellik - Klasik / Minimalist"
"W 135","ROBERTO CAVALLI","Oryantal & Çiçeksi & İddialı","Pembe Biber","Afrika Portakal Çiçeği","Tonka Fasulyesi, Benzoin, Vanilya","Çekicilik, Özgüven ve Cinsel Arzu - Zarif ve Feminen Kıvrımlar"
"W 136","FLOVER BOMB","Oryantal & Çiçeksi & Patlayıcı","Yeşil Çay, Bergamot, Osmanthus","Orkide, Yasemin, Gül, Frezya","Küresel Paçuli, Misk, Vanilya","Çekicilik, Özgüven ve Cinsel Arzu - Zarif ve Feminen Kıvrımlar"
"W 137","JIMMY CHOO","Şipre & Meyveli & Şehirli","Armut, Mandalina, Yeşil","Kaplan Orkidesi","Toffee (Karamela), Endonezya Paçulisi","Ferahlık ve Enerji - Klasik / Minimalist"
"W 138","BELLISIMA","Çiçeksi & Canlandırıcı & Ferah","Zencefil, Greyfurt, Portakal, Kan Portakalı","Şakayık, Çarkıfelek Çiçeği","Misk, Sandal Ağacı, Kaşmir Ağacı","Çekicilik, Özgüven ve Cinsel Arzu - Zarif ve Feminen Kıvrımlar"
"W 139","FLEUR NARCOTIQUE","Çiçeksi & Meyveli & Ferah","Litchi, Bergamot, Şeftali","Şakayık, Portakal Çiçeği, Yasemin, Petalia","Misk, Meşe Yosunu, Odunsu Notalar","Ferahlık ve Enerji - Zarif ve Feminen Kıvrımlar"
"W 14","JIL SANDER SUN","Oryantal & Sıcak & Yazlık","Turunçgiller, Gül Ağacı, Portakal Çiçeği","Günebakan (Heliotrope), Gül, Vadideki Zambak","Yoğun Vanilya, Tonka Fasulyesi, Sandalwood","Çekicilik, Özgüven ve Cinsel Arzu - Klasik / Minimalist"
"W 140","BELIEVE","Çiçeksi & Meyveli & Günlük","Egzotik Guava, Yeşil Mandalina","Hanımeli, Linden Çiçeği","Paçuli, Kehribar, Pralin","Çekicilik, Özgüven ve Cinsel Arzu - Zarif ve Feminen Kıvrımlar"
"W 141","BY NIGHT","Oryantal & Çiçeksi & Gece","Kırmızı Elma, Ahududu, Frezya","Şeftali Çiçeği, Heliotrope","Vanilya, Kehribar, Sandal Ağacı","Çekicilik, Özgüven ve Cinsel Arzu - Zarif ve Feminen Kıvrımlar"
"W 143","DREAM ANGELS HEAVENLY","Pudralı & Misk & İpeksi","Sarmaşık, Kakule, Mandalina","İris, Menekşe, Beyaz Zambak","Beyaz Misk, Sandal Ağacı, Vanilya Orkidesi","Sıcaklık, Huzur ve Yakınlık - Klasik / Minimalist"
"W 144","PURE SEDUCTION","Meyveli & Tatlı & Dinamik","Kırmızı Erik","Kırmızı Frezya, Yeşil Notalar","Sulu Kavun, Misk","Ferahlık ve Enerji - Klasik / Minimalist"
"W 146","OUD BOUQUET","Oryantal & Odunsu & Ud","Safran, Gül","Ud Ağacı, Karamel","Vanilya, Pralin, Copahu Balsamı","Çekicilik, Özgüven ve Cinsel Arzu - Lüks ve Ağır Cam İşçiliği"
"W 147","BOMBSHELL","Meyveli & Çiçeksi & Kült","Çarkıfelek Meyvesi, Çilek, Ananas","Şakayık, Vanilya Orkidesi, Kırmızı Meyveler","Beyaz Misk, Meşe Yosunu","Ferahlık ve Enerji - Zarif ve Feminen Kıvrımlar"
"W 148","CASSIOPEA","Şipre & Meyveli & Ferah","Çarkıfelek (Passion Fruit), Limon, Cassis, Eğrelti Otu","Karanfil, Vadi Zambağı, Çay Gülü","Sandal Ağacı, Tonka Fasulyesi, Misk","Zarafet, Özgüven ve Feminenlik - Klasik / Minimalist"
"W 149","PINK SUGAR","Gurme & Aşırı Tatlı & Oyunbaz","Pamuk Şeker, Ahududu, Bergamot","Meyan Kökü Çiçeği, Çilek, Zambak","Vanilya, Karamel, Misk, Tonka Fasulyesi","Sıcaklık, Huzur ve Yakınlık - Klasik / Minimalist"
"W 15","GUCCI RUSH","Şipre & Meyveli & Kışkırtıcı","Afrika Frezyası, Şeftali, Gardenya","Kişniş, Şam Gülü, Yasemin Sambac","Doğal Paçuli, Vanilya, Vetiver","Sıcaklık, Huzur ve Yakınlık - Klasik / Minimalist"
"W 150","GUCCI PREMIERE","Çiçeksi & Odunsu & Hollywood","Bergamot, Afrika Portakal Çiçeği","Beyaz Çiçekler, Misk","Yumuşak Deri, Değerli Odunsu Notalar","Çekicilik, Özgüven ve Cinsel Arzu - Zarif ve Feminen Kıvrımlar"
"W 151","LA VIE EST BELLE","Gurme & Çiçeksi & Neşeli","Siyah Frenk Üzümü, Armut","İris, Yasemin, Portakal Çiçeği","Pralin, Vanilya, Paçuli, Tonka","Sıcaklık, Huzur ve Yakınlık - Zarif ve Feminen Kıvrımlar"
"W 152","IDOLE","Şiirsel Çiçeksi & Temiz & Miskli","Armut, Bergamot, Pembe Biber","Gül, Yasemin","Beyaz Misk, Vanilya, Paçuli, Sedir Ağacı","Çekicilik, Özgüven ve Cinsel Arzu - Zarif ve Feminen Kıvrımlar"
"W 153","KIRKE","Şipre & Meyveli & Egzotik","Şeftali, Çarkıfelek, Armut, Ahududu, Cassis, Kum","Vadi Zambağı","Misk, Sandal Ağacı, Vanilya, Paçuli, Kediotu","Sıcaklık, Huzur ve Yakınlık - Klasik / Minimalist"
"W 154","MANIFESTO","Oryantal & Çiçeksi & Tatlı","Siyah Frenk Üzümü, Yeşil","Yasemin Sambac, Vadi Zambağı","Vanilya, Tonka Fasulyesi, Sandal Ağacı, Sedir Ağacı","Çekicilik, Özgüven ve Cinsel Arzu - Zarif ve Feminen Kıvrımlar"
"W 155","JUST CAVALLI","Çiçeksi & Narenciyeli & Kremamsı","Neroli","Tiare Çiçeği","Palisander Gül Ağacı","Ferahlık ve Enerji - Zarif ve Feminen Kıvrımlar"
"W 156","L'EAU DE LACOSTE","Çiçeksi & Meyveli & Ferah","Ananas, Mandalina, Bergamot","Portakal Çiçeği, Yasemin Sambac, Ananas Yaprağı","Vanilya, Sandal Ağacı, Vetiver, Peru Balsamı","Sıcaklık, Huzur ve Yakınlık - Zarif ve Feminen Kıvrımlar"
"W 157","OMNIA CORAL","Çiçeksi & Meyveli & Canlı","Goji Dutları, Bergamot","Nar, Hibiskus, Nilüfer","Misk, Sedir Ağacı","Ferahlık ve Enerji - Zarif ve Feminen Kıvrımlar"
"W 158","L'AMBREDES MERVEILLES","Oryantal & Odunsu & Amber","Kehribar (Amber), Labdanum","Paçuli","Vanilya","Çekicilik, Özgüven ve Cinsel Arzu - Klasik / Minimalist"
"W 159","SEE BY CHLOE","Çiçeksi & Meyveli & Chic","Elma Çiçeği, Bergamot","Yasemin, Ylang-Ylang","Misk, Vanilya, Sandal Ağacı","Sıcaklık, Huzur ve Yakınlık - Zarif ve Feminen Kıvrımlar"
"W 160","AQUA DI GIOLA ESSENSIA","Sucul & Çiçeksi & Ferah","Nane, Limon, Pembe Biber","Yasemin, Limon Otu","Sedir Ağacı, Labdanum, Şeker","Ferahlık ve Enerji - Zarif ve Feminen Kıvrımlar"
"W 161","ARMANI SI","Şipre & Meyveli & Zarif","Frenk Üzümü Yaprağı","Mayıs Gülü, Frezya","Vanilya, Paçuli, Odunsu Notalar, Ambroxan","Sıcaklık, Huzur ve Yakınlık - Klasik / Minimalist"
"W 163","Sexy Amber","Oryantal & Odunsu & Sıcak","Amber (Kehribar)","Beyaz Çiçekler","Sandal Ağacı","Çekicilik, Özgüven ve Cinsel Arzu - Klasik / Minimalist"
"W 164","BON BON","Çiçeksi & Meyveli & Gurme","Şeftali, Mandalina, Portakal","Karamel, Portakal Çiçeği, Yasemin","Amber, Sandal Ağacı, Sedir Ağacı, Guaiac Odunu","Ferahlık ve Enerji - Zarif ve Feminen Kıvrımlar"
"W 165","CHERRY IN THE AIR","Çiçeksi & Meyveli & Tatlı","Ekşi Kiraz, Ahududu, Mandalina","Hatmi (Marshmallow), Gardenya, Orkide, Vanilya","Sandal Ağacı, Misk, Beyaz Süet, Meşe","Ferahlık ve Enerji - Zarif ve Feminen Kıvrımlar"
"W 166","VIVA LA JUICE","Çiçeksi & Meyveli & Gurme","Yabani Orman Meyveleri, Mandalina","Hanımeli, Gardenya, Yasemin","Karamel, Vanilya, Pralin, Amber, Sandal Ağacı","Sıcaklık, Huzur ve Yakınlık - Zarif ve Feminen Kıvrımlar"
"W 167","SCENT INTENSE","Oryantal & Odunsu & Yoğun","Çay, Bergamot, Kakule","Ambergris, Yasemin, Hibiskus","Amber, Paçuli, Sandal Ağacı, Deri","Çekicilik, Özgüven ve Cinsel Arzu - Klasik / Minimalist"
"W 168","BOOS JOUR","Çiçeksi & Narenciyeli & Ferah","Misket Limonu, Greyfurt Çiçeği","Beyaz Çiçekler, Frezya, Hanımeli, Vadi Zambağı","Huş Ağacı, Amber","Zarafet, Özgüven ve Feminenlik - Zarif ve Feminen Kıvrımlar"
"W 169","CHANEL EAU FRAICHE","Şipre & Çiçeksi & Ferah","Limon, Sedir Ağacı","Su Sümbülü, Pembe Biber, Yasemin","Paçuli, Beyaz Misk, Vetiver, Tik Ağacı, İris, Amber","Ferahlık ve Enerji - Zarif ve Feminen Kıvrımlar"
"W 17","HYPNOTIC POISON","Oryantal & Pudralı & Afrodizyak","Hindistan Cevizi, Erik, Yeni Dünya Kayısısı","Sümbülteber, Yasemin, Vadi Zambağı, Kimyon","Vanilya, Tatlı Badem, Sandal Ağacı, Misk","Sıcaklık, Huzur ve Yakınlık - Klasik / Minimalist"
"W 170","CHLOE","Çiçeksi & Pudralı & Romantik","Şakayık, Frezya, Litchi","Gül, Vadi Zambağı, Manolya","Virjinya Sediri, Amber","Zarafet, Özgüven ve Feminenlik - Lüks ve Ağır Cam İşçiliği"
"W 171","MUST DE CARTIER","Oryantal & Klasik & Baharatlı","Galbanum, Gül Ağacı, Aldehitler, Bergamot, Limon, Şeftali, Mandalina","Deri, Nergis, Karanfil, İris, Ylang-Ylang, Yasemin, Orkide","Kehribar (Amber), Sandal Ağacı, Vanilya, Vetiver, Misk, Tonka Fasulyesi","Çekicilik, Özgüven ve Cinsel Arzu - Klasik / Minimalist"
"W 172","DONNA VALENTINO ","Şipre & Çiçeksi & Pudralı","Bergamot","İris, Bulgar Gülü","Deri, Vanilya, Paçuli","Sıcaklık, Huzur ve Yakınlık - Zarif ve Feminen Kıvrımlar"
"W 173","ALIEN ESSENSE ABSOLUTE","Oryantal & Odunsu & Yoğun","Yasemin","Kaşmir Ağacı, İris Kökü","Vanilya Podu, Beyaz Amber, Mür, Tütsü","Çekicilik, Özgüven ve Cinsel Arzu - Klasik / Minimalist"
"W 174","AURA","Çiçeksi & Oryantal & Aromatik","Ravent Yaprağı, Bergamot","Yeşil Notalar, Portakal Çiçeği, Ylang-Ylang, Armut","Bourbon Vanilya, Odunsu Notalar, Amberwood, Sandal Ağacı","Çekicilik, Özgüven ve Cinsel Arzu - Zarif ve Feminen Kıvrımlar"
"W 175","SPORTY SITRUS","Narenciyeli & Ferah & Canlı","Turunçgiller, Portakal","Mandalina, Yasemin","Misk, Paçuli","Ferahlık ve Enerji - Dinamik ve Modern Tasarım"
"W 176","THRILL FOR WOMEN","Çiçeksi & Meyveli & Gurme","Şeftali, Zambak","Mimoza, İris","Vanilya, Tonka Fasulyesi, Sandal Ağacı","Sıcaklık, Huzur ve Yakınlık - Zarif ve Feminen Kıvrımlar"
"W 177","AROMATICS ELIXIR","Şipre & Çiçeksi & Aromatik","Papatya, Aldehitler, Galbanum, Bergamot, Kakule","Gül, Yasemin, Ylang-Ylang, Sümbülteber, Karanfil","Meşe Yosunu, Paçuli, Vetiver, Sandal Ağacı, Misk, Tütsü","Zarafet, Özgüven ve Feminenlik - Zarif ve Feminen Kıvrımlar"
"W 178","DIORISSIMO","Çiçeksi & Yeşil & Klasik","Yeşil Yapraklar, Bergamot","Vadi Zambağı (Muguet), Lilak, Yasemin, Zambak, Biberiye, Ylang-Ylang","Civet (Misk), Sandal Ağacı","Ferahlık ve Enerji - Zarif ve Feminen Kıvrımlar"
"W 179","AURA INTENCE","Oryantal & Çiçeksi & Tatlı","Litchi, Bulgar Gülü","Pembe Biber, Sümbülteber, Tütsü","Amber, Misk, Paçuli, Vanilya","Çekicilik, Özgüven ve Cinsel Arzu - Zarif ve Feminen Kıvrımlar"
"W 180","BLACK OPIUM","Oryantal & Kahveli & Tatlı","Armut, Pembe Biber, Portakal Çiçeği","Kahve, Yasemin, Acı Badem, Meyankökü","Vanilya, Paçuli, Kaşmir Ağacı, Sedir Ağacı","Çekicilik, Özgüven ve Cinsel Arzu - Klasik / Minimalist"
"W 181","ARMANI SI INTENCE","Şipre & Meyveli & Yoğun","Frenk Üzümü, Mandalina, Bergamot, Frezya","Mayıs Gülü, Neroli, Artemisia, Osmanthus","Vanilya, Paçuli, Odunsu Notalar, Ambroxan","Sıcaklık, Huzur ve Yakınlık - Klasik / Minimalist"
"W 182","BOSS MA VIE POUR FEMME","Çiçeksi & Ferah & Modern","Kaktüs Çiçeği","Pembe Frezya, Yasemin, Gül","Sedir Ağacı, Odunsu Notalar","Zarafet, Özgüven ve Feminenlik - Zarif ve Feminen Kıvrımlar"
"W 183","D.K.N.Y. MYNY","Şipre & Meyveli & Modern","Ahududu, Pembe Biber, Galbanum","Mısır Yasemini, Frezya, Kök Süsen","Paçuli, Vanilya, Misk, Kehribar (Amber)","Sıcaklık, Huzur ve Yakınlık - Klasik / Minimalist"
"W 184","LOVE STROY","Çiçeksi & Pudralı & Beyaz Çiçek","Neroli, Armut, Bergamot, Limon, Greyfurt","Portakal Çiçeği, Madagaskar Yasemini, Şeftali, Gül, Siyah Frenk Üzümü","Misk, Sedir Ağacı, Kaşmir Ağacı, Paçuli","Zarafet, Özgüven ve Feminenlik - Zarif ve Feminen Kıvrımlar"
"W 185","ETERNITY NIGHT","Çiçeksi & Kremamsı & Miskli","Pembe Biber, Mürdüm Eriği, Ahududu","Gece Yasemini, Vadi Zambağı, Mor Süsene (İris)","Sandal Ağacı, Tonka Fasulyesi, Misk","Çekicilik, Özgüven ve Cinsel Arzu - Zarif ve Feminen Kıvrımlar"
"W 186","LADY MILLION MY GOLD","Çiçeksi & Meyveli & Turunçgilli","Mango, Greyfurt, Greyfurt Çiçeği, Mandalina, Bergamot","Portakal Çiçeği, Menekşe Yaprağı","Greyfurt, Misk, Sedir, Kehribar (Amber)","Ferahlık ve Enerji - Zarif ve Feminen Kıvrımlar"
"W 187","MODERN MUSE ","Çiçeksi & Odunsu & Miskli","Mandalina","Yasemin, Zambak, Çiçeksi Notalar, Hanımeli","Misk, Odunsu Notalar, Paçuli, Kehribar, Madagaskar Vanilyası","Sıcaklık, Huzur ve Yakınlık - Zarif ve Feminen Kıvrımlar"
"W 188","EUPHORIA GOLD WOMEN","Çiçeksi & Meyveli & Oryantal","Kayısı, Kumkuat, Mandalina","Bal, Gardenya, Nergis","Yamaç Gülü (Cistus), Sandal Ağacı, Misk","Ferahlık ve Enerji - Zarif ve Feminen Kıvrımlar"
"W 189","OMNIA CRYSTALLINE L’EDP","Çiçeksi & Odunsu & Miskli","Nilüfer, Lotus, Mandalina","Kediotu (Heliotrope), Kök Süsen (İris)","Sandal Ağacı, Benzoin, Misk","Çekicilik, Özgüven ve Cinsel Arzu - Zarif ve Feminen Kıvrımlar"
"W 19","HOTCOUTURE","Çiçeksi & Baharatlı & Karizmatik","Ahududu, Bergamot, Turunçgil","Manolya, Vetiver, Siyah Biber","Beyaz Amber, Sandal Ağacı, Misk","Otorite, Güven ve Profesyonellik - Zarif ve Feminen Kıvrımlar"
"W 190","VALENTINO ABSOLU","Oryantal & Baharatlı & Gurme","Karabiber","Gül, Erik","Deri, Sandal Ağacı","Çekicilik, Özgüven ve Cinsel Arzu - Klasik / Minimalist"
"W 191","GUCCI BAMBOO","Çiçeksi & Odunsu & Narenciyeli","Bergamot","Kazablanka Zambağı, Ylang-Ylang, Portakal Çiçeği","Sandal Ağacı, Tahiti Vanilyası, Kehribar (Amber)","Çekicilik, Özgüven ve Cinsel Arzu - Zarif ve Feminen Kıvrımlar"
"W 192","LA NUIT TRESOR","Oryantal & Gurme & Tatlı","Armut, Mandalina, Bergamot","Çilek, Vanilya Orkidesi, Siyah Gül, Çarkıfelek","Pralin, Karamel, Litchi, Silhat (Paçuli), Tütsü, Kahve, Meyankökü, Kumarin, Papirüs","Çekicilik, Özgüven ve Cinsel Arzu - Klasik / Minimalist"
"W 193","OLYMPEA","Oryantal & Çiçeksi & Tuzlu Vanilyalı","Su Yasemini, Yeşil Mandalina, Zencefil Çiçeği","Tuzlu Vanilya","Kaşmir Ağacı, Ambergris, Sandal Ağacı","Çekicilik, Özgüven ve Cinsel Arzu - Zarif ve Feminen Kıvrımlar"
"W 194","ARMANI CODE SATIN","Oryantal & Gurme & Tatlı","Armut, Şerbet, Zencefil","Portakal Çiçeği, Yasemin, Neroli","Kakao, Vanilya, Pralin, Paçuli","Çekicilik, Özgüven ve Cinsel Arzu - Klasik / Minimalist"
"W 195","POSION GIRL ","Oryantal & Gurme & Acı Badem","Acı Portakal, Limon","Şam Gülü, Grasse Gülü, Portakal Çiçeği","Vanilya, Tonka Fasulyesi, Sandal Ağacı, Pralin, Kediotu, Cashmeran, Badem","Çekicilik, Özgüven ve Cinsel Arzu - Klasik / Minimalist"
"W 196","SEXY LITTLE THINGS-NOIR ","Çiçeksi & Meyveli & Tatlı","Kırmızı Elma, Nektarin, Narenciyeler, Ananas, Armut, Kırmızı Orman Meyveleri","Erik, Yasemin, Böğürtlen, Şeftali, Orkide, Vadi Zambağı","Kehribar (Amber), Misk, Tonka Fasulyesi, Vanilya, Odunsu Notalar","Çekicilik, Özgüven ve Cinsel Arzu - Zarif ve Feminen Kıvrımlar"
"W 198","EAU SO SEXY","Çiçeksi & Meyveli & Tatlı","Bergamot, Elma","Krem Şanti","Tatlı Notalar","Ferahlık ve Enerji - Zarif ve Feminen Kıvrımlar"
"W 199","DECADENCE","Oryantal & Çiçeksi & Lüks","Erik, Safran, İris","Bulgar Gülü, Yasemin Sambac, Süsen Kökü","Kehribar, Vetiver, Papirüs","Zarafet, Özgüven ve Feminenlik - Zarif ve Feminen Kıvrımlar"
"W 2","ACQUA DI GIO","Çiçeksi & Meyveli & Ferah","Şakayık, Ananas, Menekşe, Muz","Vadideki Zambak, Yasemin, Gül","Beyaz Misk, Sedir Ağacı, Sandal Ağacı","Ferahlık ve Enerji - Zarif ve Feminen Kıvrımlar"
"W 20","JOOP FEMME","Oryantal & Odunsu & Ağır","Kişniş, Neroli, Bergamot, Limon","Yasemin, Portakal Çiçeği, Gül, Müge","Sandal Ağacı, Vanilya, Misk, Sedir, DPG","Çekicilik, Özgüven ve Cinsel Arzu - Lüks ve Ağır Cam İşçiliği"
"W 200","DOLCE&GABBANA INTENSE","Oryantal & Çiçeksi & Kremamsı","Yeşil Mandalina, Neroli","Tuberose (Sümbülteber), Portakal Çiçeği","Marşmelov, Sandal Ağacı","Çekicilik, Özgüven ve Cinsel Arzu - Zarif ve Feminen Kıvrımlar"
"W 21","L’EAU D’ISSEY","Sucul & Ozonik & Minimalist","Lotus, Frezya, Siklamen, Kavun, Gülsu","Vadi Zambağı, Beyaz Lilyum, Şakayık","Egzotik Odunlar, Misk, Kehribar, Sümbülteber","Ferahlık ve Enerji - Klasik / Minimalist"
"W 22","SCANDAL","Şipre & Çiçeksi & Tatlı","Kan Portakalı, Mandalina","Bal, Gardenya, Yasemin, Şeftali, Portakal Çiçeği","Karamel, Paçuli, Balmumu, Meyankökü","Çekicilik, Özgüven ve Cinsel Arzu - Lüks ve Ağır Cam İşçiliği"
"W 23","J'ADORE","Çiçeksi & Meyveli & Güneşli","Armut, Kavun, Manolya, Şeftali","Grasse Yasemini, Gül, Orkide, Frezya","Beyaz Misk, Vanilya, Böğürtlen, Sedir Ağacı","Otorite, Güven ve Profesyonellik - Zarif ve Feminen Kıvrımlar"
"W 24","BURBERRY BODY","Pudralı & Duyusal & Ten Kokusu","Yeşil Pelin Otu, Şeftali, Frezya","Doğal Gül Yağı, İris, Sandal Ağacı","Kaşmir Ahşap Notaları, Vanilya, Misk, Kehribar","Sıcaklık, Huzur ve Yakınlık - Klasik / Minimalist"
"W 25","ARMANI IDOLE","Çiçeksi & Aromatik & Modern","Acı Portakal, Armut, Zencefil","Yasemin, Safran, Mısır Gülü","Paçuli, Styrax Reçinesi, Vetiver","Ferahlık ve Enerji - Zarif ve Feminen Kıvrımlar"
"W 26","BLV JASMIN NOIR","Çiçeksi & Derin & Gizemli","Yeşil","Yasemin Sambac, Saten Badem","Tonka Fasulyesi, Değerli Odunlar, Meyan Kökü","Ferahlık ve Enerji - Zarif ve Feminen Kıvrımlar"
"W 27","KENZO BY FLOWER","Pudralı & Temiz & İkonik","Kuşüzümü, Alıç, Bulgar Gülü, Mandalina","Parma Menekşesi, Şam Gülü, Yasemin, Opoponax","Pudralı Beyaz Misk, Vanilya, Tütsü","Sıcaklık, Huzur ve Yakınlık - Klasik / Minimalist"
"W 28","L'EAUPAR KENZO","Sucul & Taze & Enerjik","Yeşil Nane, Mandalina, Pembe Biber","Nilüfer (Water Lily), Şeftali, Nergis","Sedir Ağacı, Beyaz Misk, Mavi Sedir","Ferahlık ve Enerji - Klasik / Minimalist"
"W 29","DIAMOND INTENSE","Çiçeksi & Meyveli & Gurme","Ahududu, Litchi","Gül, Frezya, Vadi Zambağı","Vanilya, Paçuli, Sedir Ağacı, Vetiver","Sıcaklık, Huzur ve Yakınlık - Zarif ve Feminen Kıvrımlar"
"W 3","BURBERRY WEEKEND","Çiçeksi & Pudralı & Romantik","Mandalina, Adaçayı, Reseda Çiçeği","Mavi Sümbül, İris, Şeftali Çiçeği","Sandal Ağacı, Misk, Sedir Ağacı","Ferahlık ve Enerji - Zarif ve Feminen Kıvrımlar"
"W 30","MIRACLE","Çiçeksi & Baharatlı & Aydınlık","Pembe Frezya, Lychee Meyvesi","Manolya, Zencefil, Sichuan Biberi, Yasemin","Beyaz Amber, Yoğun Misk, Kristal Kehribar","Ferahlık ve Enerji - Zarif ve Feminen Kıvrımlar"
"W 31","FANTASY MIDNIGHT","Meyveli & Tatlı & Gece","Siyah Erik, Sour Cherry, Frambuaz","Gece Açan Orkide, İris, Frezya","Vanilya, Misk, Kehribar","Çekicilik, Özgüven ve Cinsel Arzu - Klasik / Minimalist"
"W 33","NARCISO RODRIGUEZ","Misk & Odunsu & Çekici","Pembe Gül, Ballı Şeftali","Misk Ekstresi, Saf Kehribar","Doğal Paçuli, Sandal Ağacı, Çözücü DPG","Çekicilik, Özgüven ve Cinsel Arzu - Lüks ve Ağır Cam İşçiliği"
"W 35"," POUDREE","Çiçeksi & Pudralı & Miskli","Yasemin, Bulgar Gülü, Portakal Çiçeği","Misk","Kumarin, Sedir Ağacı, Vetiver, Paçuli","Ferahlık ve Enerji - Lüks ve Ağır Cam İşçiliği"
"W 36","POISON","Oryantal & Baharatlı & Ağır","Siyah Erik, Vahşi Meyveler, Kişniş, Anason","Beyaz Bal, Tarçın, Tütsü, Sümbülteber, Gül","Kehribar, Vanilya, Sandalwood, Kediotu, Musk","Sıcaklık, Huzur ve Yakınlık - Klasik / Minimalist"
"W 37","BOSS ORANGE","Çiçeksi & Meyveli & Neşeli","Tatlı Kırmızı Elma","Beyaz Çiçekler, Afrika Portakal Çiçeği","Vanilya, Sandal Ağacı, Zeytin Ağacı","Otorite, Güven ve Profesyonellik - Zarif ve Feminen Kıvrımlar"
"W 38","POEME","Çiçeksi & Yoğun & Klasik","Datura Çiçeği, Mavi Hodan, Mandalina","Mimoza, Deri Akorları, Frezya, Gül, Nergis","Kehribar Vanilyası, Sedir, Sedef Çiçeği","Sıcaklık, Huzur ve Yakınlık - Zarif ve Feminen Kıvrımlar"
"W 39","KENZO AMOUR","Oryantal & Pudralı & Krem","Pirinç Basmati, Beyaz Çay","Frangipani, Kiraz Çiçeği, Kediotu","Saf Vanilya, Beyaz Tütsü, Odunsu Notalar, Misk","Çekicilik, Özgüven ve Cinsel Arzu - Klasik / Minimalist"
"W 4","BURBERRY","Meyveli & Klasik & Zarif","Siyah Frenk Üzümü, Şeftali, Armut","Yasemin, Sandal Ağacı, Sedir Ağacı","Yoğun Madagaskar Vanilyası, Misk, Kehribar","Sıcaklık, Huzur ve Yakınlık - Klasik / Minimalist"
"W 40","AVON CELEBRE","Çiçeksi & Taze & Günlük","Sulu Karpuz, Beyaz Siklamen, Pepper","Beyaz Şakayık, Manolya, Frezya","Sandal Ağacı, Sedir Ağacı","Ferahlık ve Enerji - Zarif ve Feminen Kıvrımlar"
"W 41","GOLDEA","Oryantal & Çiçeksi & Miskli","Misk, Ahududu, Portakal Çiçeği, Bergamot","Ylang-Ylang, Yasemin, Misk","Kehribar (Amber), Paçuli, Papirüs","Çekicilik, Özgüven ve Cinsel Arzu - Zarif ve Feminen Kıvrımlar"
"W 42","BEYONCE HEAT","Oryantal & Sıcak & Tropikal","Şeftali, Kırmızı Orkide, Manolya, Neroli","Misk, Bademli Macaron, Hanımeli","Kehribar, Tonka Fasulyesi, Sekoya Odunu","Ferahlık ve Enerji - Klasik / Minimalist"
"W 43","CHLOE NO MADE","Şipre & Çiçeksi & Odunsu","Erik, Bergamot, Limon, Portakal","Frezya, Yasemin, Şeftali, Gül","Meşe Yosunu, Amberwood, Paçuli, Beyaz Misk, Sandal Ağacı","Çekicilik, Özgüven ve Cinsel Arzu - Lüks ve Ağır Cam İşçiliği"
"W 44","TRESOR","Çiçeksi & Pudralı & Zamansız","Şeftali, Kayısı, Gül, Gül Çiçeği","Süsen, Heliotrope, Yasemin, vadi zambağı","Sandal Ağacı, Vanilya, Misk, Kehribar","Çekicilik, Özgüven ve Cinsel Arzu - Zarif ve Feminen Kıvrımlar"
"W 45","WISH","Gurme & Oryantal & Tatlı","Yabani Çilek, Siyah Frenk Üzümü, Armut","Beyaz Bal, Menekşe, Süt Notaları, Kediotu","Karamel, Paçuli, Vanilya, Tonka, Sandalwood","Çekicilik, Özgüven ve Cinsel Arzu - Klasik / Minimalist"
"W 46","GUCCI BLOOM","Çiçeksi & Pudralı & Beyaz Çiçek","Yasemin","Sümbülteber (Tuberose)","Çin Hanımelisi (Rangoon Creeper)","Ferahlık ve Enerji - Zarif ve Feminen Kıvrımlar"
"W 47","ZADIG THIS IS HER","Oryantal & Gurme & Tatlı","Pembe Biber, İpek Ağacı Çiçeği, Yasemin","Kestane, Krem Şanti, Vanilya","Sandal Ağacı, Kaşmir Ağacı","Zarafet, Özgüven ve Feminenlik - Klasik / Minimalist"
"W 48","CHANEL NO:5","Çiçeksi & Aldehit & İkonik","Yoğun Aldehitler, Ylang-Ylang, Neroli","Grasse Gülü, Yasemin, Süsen Kökü","Mysore Sandal Ağacı, Vetiver, Kehribar, Paçuli","Ferahlık ve Enerji - Zarif ve Feminen Kıvrımlar"
"W 49","CHANCE","Şipre & Çiçeksi & Enerjik","Pembe Biber, Sümbül, Ananas, İris","Mayıs Limonu, Yasemin Sambac","Paçuli, Beyaz Misk, Vanilya, Vetiver","Sıcaklık, Huzur ve Yakınlık - Zarif ve Feminen Kıvrımlar"
"W 5","THE SCENT BOSS","Çiçeksi & Gurme & Çekici","Ballı Şeftali, Frezya","Güneydoğu Asya Osmanthus Çiçeği","Kavrulmuş Kakao Çekirdekleri","Otorite, Güven ve Profesyonellik - Zarif ve Feminen Kıvrımlar"
"W 50","PARIS HILTON","Meyveli & Tatlı & Genç","Kavun, Yeşil Elma, Şeftali","Frezya, Mimoza, Yasemin, Sümbülteber","Beyaz Misk, Sandal Ağacı, Ylang-Ylang","Ferahlık ve Enerji - Klasik / Minimalist"
"W 51","JOY OF PINK","Narenciye & Ferah & Canlı","Kan Greyfurtu","Şakayık, Mavi Curaçao Likörü","Virginia Sediri, Misk Akoru","Ferahlık ve Enerji - Klasik / Minimalist"
"W 53","212 V.I.P","Oryantal & Çekici & Gece","Egzotik Çarkıfelek Meyvesi, Sert Rom","Misk Akorları, Gardenya","Vanilya, Tonka Fasulyesi","Çekicilik, Özgüven ve Cinsel Arzu - Klasik / Minimalist"
"W 54","MISS DIOR CHERIE","Şipre & Meyveli & Elegant","Yeşil Mandalina, Çilek Yaprağı","Menekşe, Pembe Yasemin, Karamel Patlamış Mısır","Taze Paçuli, Kristal Misk, Kehribar","Ferahlık ve Enerji - Klasik / Minimalist"
"W 55","BOLERO","Çiçeksi & Meyveli & Günlük","Mandalina, Siyah Frenk Üzümü, Şeftali","Beyaz Gül, Şakayık","Sandal Ağacı, Tonka Fasulyesi","Ferahlık ve Enerji - Zarif ve Feminen Kıvrımlar"
"W 56","LACOSTE FEMME","Çiçeksi & Odunsu & Elegant","Yenibahar, Mor Frezya","Kediotu, Beyaz Yasemin, Bulgar Gülü","Himalaya Sediri, Sandal Ağacı, Süet Akoru","Çekicilik, Özgüven ve Cinsel Arzu - Zarif ve Feminen Kıvrımlar"
"W 57","JOY DIOR","Çiçeksi & Odunsu & Miskli","Mandalina, Bergamot","Grasse Gülü, Yasemin, Şeftali, Kuş Üzümü","Beyaz Misk, Sandal Ağacı, Sedir Ağacı, Paçuli, Benzoin","Çekicilik, Özgüven ve Cinsel Arzu - Zarif ve Feminen Kıvrımlar"
"W 58","BE DELICIOUS","Meyveli & Sucul & Enerjik","Amerikan Salatalığı, Greyfurt, Manolya","Yeşil Elma, Vadi Zambağı, Gül, Menekşe","Beyaz Amber, Sandal Ağacı, Odunsu Notalar","Ferahlık ve Enerji - Klasik / Minimalist"
"W 59","CALDION","Çiçeksi & Pudralı & Klasik","Sulu Meyvemsi","Menekşe, Bahçe Yasemini","Pudralı Misk, Sedir Ağacı","Ferahlık ve Enerji - Zarif ve Feminen Kıvrımlar"
"W 6","CASMIR","Oryantal & Vanilya & Sıcak","Şeftali, Kayısı, Siyah Frenk Üzümü","Tarçın, Karanfil, Sardunya, Mandalina","Saf Vanilya, Benzoin, Kehribar, Sandalwood","Sıcaklık, Huzur ve Yakınlık - Klasik / Minimalist"
"W 60","DELICIOUS RED","Meyveli & Tatlı & Çekici","Kırmızı Elma, Ahududu, Kakule","Gül, Menekşe, Yeşil Notalar","Vanilya, Kehribar, Odunsu Fiksatörler","Sıcaklık, Huzur ve Yakınlık - Klasik / Minimalist"
"W 61","FAR AWAY","Oryantal & Pudralı & Derin","Hindistan Cevizi, Karoo Şeftalisi, Ylang-Ylang","Yasemin, Frezya, Gül, Osmanthus, Karave","Yoğun Vanilya, Sandal Ağacı, Misk, Kehribar","Çekicilik, Özgüven ve Cinsel Arzu - Klasik / Minimalist"
"W 62","RALPH","Meyveli & Taze & Genç","Yeşil Elma Yaprağı, İtalyan Mandalinası","Sarı Frezya, Beyaz Manolya","Beyaz İris, Misk Akoru","Ferahlık ve Enerji - Klasik / Minimalist"
"W 63","212 WOMEN","Çiçeksi & Modern & Metalik","Çiçek Sapları, Calabria Bergamotu, Mandalina","Gardenya, Kamelya, Beyaz Zambak, Yasemin","Sandal Ağacı, Şeffaf Misk","Ferahlık ve Enerji - Zarif ve Feminen Kıvrımlar"
"W 64","CHRISTINA AGUILERA","Oryantal & Çiçeksi & Flörtöz","Siyah Frenk Üzümü, Mandalina, Egzotik Meyve","Ballı Şeftali, Şakayık, Kara Erik","Kremsi Vanilya, Misk, Kehribar","Çekicilik, Özgüven ve Cinsel Arzu - Zarif ve Feminen Kıvrımlar"
"W 65","BRIGHT CRYSTAL","Çiçeksi & Sucul & Işıltılı","Yuzu, Nar, Buz Akoru","Şakayık, Lotus Çiçeği, Manolya","Bitkisel Kehribar, Maun Ağacı, Misk","Otorite, Güven ve Profesyonellik - Zarif ve Feminen Kıvrımlar"
"W 66","MAGNETISM","Oryantal & Gurme & Baştan Çıkarıcı","Ahududu, Siyah Frenk Üzümü, Kavun","Fesleğen, Süsen, Yasemin, Gül, Kimyon","Vanilya, Karamel, Paçuli, Misk","Çekicilik, Özgüven ve Cinsel Arzu - Klasik / Minimalist"
"W 67","MY WAY","Çiçeksi & Narenciyeli & Beyaz Çiçek","Portakal Çiçeği, Bergamot","Sümbülteber, Hindistan Yasemini","Madagaskar Vanilyası, Beyaz Misk, Virjinya Sediri","Sıcaklık, Huzur ve Yakınlık - Zarif ve Feminen Kıvrımlar"
"W 68","RUSH 2","Çiçeksi & Yeşil & Canlı","Frezya, Müge, Mayıs Gülü","Beyaz Zambak, Gardenya, Palmiye Ağacı","Misk, Meşe Yosunu, Siyah Frenk Üzümü","Ferahlık ve Enerji - Zarif ve Feminen Kıvrımlar"
"W 69","PURE POISON","Çiçeksi & Beyaz Çiçek & Pudralı","Yasemin, Portakal Çiçeği, Bergamot","Çin Gardenyası, Mandalina Çiçeği","Beyaz Kehribar, Sandal Ağacı, Virginia Sediri","Ferahlık ve Enerji - Zarif ve Feminen Kıvrımlar"
"W 70","LADY MILLION LUCKY","Çiçeksi & Meyveli & Odunsu","Ahududu","Gül, Yasemin, Fındık","Bal, Sandal Ağacı, Sedir Ağacı, Kaşmir Ağacı","Ferahlık ve Enerji - Zarif ve Feminen Kıvrımlar"
"W 71","AMARIGE","Çiçeksi & Zengin & Klasik","Erik, Şeftali, Portakal Çiçeği, Menekşe","Sümbülteber, Mimoza, Karanfil, Ylang-Ylang","Sandal Ağacı, Vanilya, Misk, Kehribar, Tonka","Sıcaklık, Huzur ve Yakınlık - Zarif ve Feminen Kıvrımlar"
"W 72","LADY MILLION","Çiçeksi & Odunsu & Gösterişli","Ahududu, Amalfi Limonu, Neroli","Yasemin, Portakal Çiçeği, Gardenya","Beyaz Bal, Paçuli, Kehribar","Çekicilik, Özgüven ve Cinsel Arzu - Zarif ve Feminen Kıvrımlar"
"W 73","COCO CHANEL","Oryantal & Baharatlı & Anıtsal","Kişniş, Mandalina, Şeftali, Şam Gülü","Karanfil, Mimoza, Yonca, Portakal Çiçeği","Kehribar, Sandal Ağacı, Labdanum, Civet, Tonka","Ferahlık ve Enerji - Klasik / Minimalist"
"W 74","212 SEXY","Oryantal & Pudralı & Çekici","Pembe Biber, Mandalina, Bergamot","Pamuk Şeker, Sardunya, Çiçeksi Notalar","Vanilya, Misk, Sandal Ağacı, Karamel","Çekicilik, Özgüven ve Cinsel Arzu - Klasik / Minimalist"
"W 75","ENVY ME","Çiçeksi & Meyveli & Oyunbaz","Pembe Şakayık, Pembe Biber, Ananas, Mango","Beyaz Çay, Sulu Nar, Yasemin, Litchi","Beyaz Misk, Sandal Ağacı, Teak Ağacı","Otorite, Güven ve Profesyonellik - Zarif ve Feminen Kıvrımlar"
"W 76","OMNIA","Oryantal & Baharatlı & Sofistike","Kakule, Zencefil, Karabiber, Mandalina","Masala Çayı, Tarçın, Nutmeg, Karanfil","Siyah Çikolata, Sandal Ağacı, Guaiac Odunu","Çekicilik, Özgüven ve Cinsel Arzu - Klasik / Minimalist"
"W 77","LADY MILLION PRIVIE","Oryantal & Çiçeksi & Baharatlı","Odunsu","Vanilya, Ahududu, Kediotu","Kakao, Bal, Paçuli","Çekicilik, Özgüven ve Cinsel Arzu - Zarif ve Feminen Kıvrımlar"
"W 78","ULTRAVIOLET","Oryantal & Çiçeksi & Fütüristik","Kayısı, Kişniş, Karabiber, Pimiento, Badem","Japon Osmanthusu, Menekşe, Gül, Yasemin","Vanilya, Kehribar, Paçuli, Sandalwood","Çekicilik, Özgüven ve Cinsel Arzu - Zarif ve Feminen Kıvrımlar"
"W 79","IN2U","Narenciye & Taze & Sportif","Pembe Greyfurt, Sicilya Limonu, Mayhoş Frenk","Altın Orkide, Beyaz Kaktüs","Vanilya, Virginia Sediri, Amber","Otorite, Güven ve Profesyonellik - Klasik / Minimalist"
"W 8","ARMANI YOU","Çiçeksi & Meyveli & Tatlı","Ahududu, Limon, Neroli","Gül","Vanilya, Misk, Amberwood","Sıcaklık, Huzur ve Yakınlık - Zarif ve Feminen Kıvrımlar"
"W 80","ANGEL INNOCENT","Gurme & Şeffaf & Tatlı","Bergamot, Mandalina","Badem, Kırmızı Orman Meyveleri","Kehribar, Beyaz Misk, Yamaç Pralini","Ferahlık ve Enerji - Klasik / Minimalist"
"W 81","THE BEAT","Çiçeksi & Odunsu & Dinamik","Pembe Biber, Mandalina, Kardamom","Seylan Çayı, Süsen (Iris), Çan Çiçeği","Vetiver, Virginia Sediri, Beyaz Misk","Çekicilik, Özgüven ve Cinsel Arzu - Zarif ve Feminen Kıvrımlar"
"W 82","ALIEN","Oryantal & Odunsu & Karizmatik","Saf Yasemin Sambac","Kaşmir Ahşap Notaları","Beyaz Kehribar","Çekicilik, Özgüven ve Cinsel Arzu - Klasik / Minimalist"
"W 83","HUGO XX","Çiçeksi & Meyveli & Odunsu","Mandalina, Küme Üzümü, Litchi","Pirinç Basmati, Yasemin, Gül","Sandal Ağacı, Kehribar, Misk","Otorite, Güven ve Profesyonellik - Zarif ve Feminen Kıvrımlar"
"W 84","HYPNOSE","Oryantal & Çiçeksi & Hipnotik","Çarkıfelek Çiçeği (Passion Flower)","Yasemin, Gardenya","Kremsi Vanilya, Vetiver","Sıcaklık, Huzur ve Yakınlık - Zarif ve Feminen Kıvrımlar"
"W 85","ABSOLUTELY IRRESISTIBLE","Çiçeksi & Baharatlı & Canlı","Mandalina, Kırmızı Meyveler, Kırmızı Biber","Mısır Yasemini, Heliotrope, Portakal Çiçeği","Sedir Ağacı, Paçuli, Kehribar","Çekicilik, Özgüven ve Cinsel Arzu - Zarif ve Feminen Kıvrımlar"
"W 86","BURBERRY SPORT","Taze & Sucul & Dinamik","Mandalina, Zencefil, Deniz Akorları","Beyaz Manolya, Melisa, Hanımeli","Sedir Ağacı, Beyaz Misk","Ferahlık ve Enerji - Dinamik ve Modern Tasarım"
"W 87","DAISY","Çiçeksi & Pudralı & Ferah","Menekşe Yaprağı, Kan Greyfurtu, Çilek","Menekşe, Yasemin, Gardenya","Beyaz Ahşap Notaları, Misk, Vanilya","Sıcaklık, Huzur ve Yakınlık - Zarif ve Feminen Kıvrımlar"
"W 88","ZEN","Şipre & Çiçeksi & Aydınlık","Greyfurt, Portakal, Ananas, Gül, Bergamot","Frezya, Gardenya, Menekşe, Sümbül, Lotus","Paçuli, Sedir, Beyaz Misk, Kehribar, Deniz","Ferahlık ve Enerji - Lüks ve Ağır Cam İşçiliği"
"W 89","LIGHT BLUE","Narenciye & Sucul & Klasik","Sicilya Limonu, Yeşil Elma, Çan Çiçeği","Bambu, Yasemin, Beyaz Gül","Virginia Sediri, Misk, Kehribar","Ferahlık ve Enerji - Klasik / Minimalist"
"W 9","COOL WATER","Sucul & Ferah & Dinamik","Kavun, Lotus, Limon, Calone, Nilüfer","Bal, Yasemin, Alıç, Vadi Zambağı, Gül","Misk, Vetiver, Sandal Ağacı, Kehribar","Ferahlık ve Enerji - Klasik / Minimalist"
"W 90","COCO MADEMOISEL","Şipre & Çiçeksi & Lüks","Portakal, Mandalina, Bergamot, Portakal Çiçeği","Mayıs Gülü, Yasemin, Mimoza, Ylang-Ylang","Paçuli, Beyaz Misk, Vanilya, Vetiver, Tonka","Sıcaklık, Huzur ve Yakınlık - Zarif ve Feminen Kıvrımlar"
"W 91","BLACK XS","Oryantal & Odunsu & Tatlı","Küme Üzümü, Pembe Biber, Demir ağacı","Siyah Menekşe, Kakao, Gül","Paçuli, Vanilya, Massoia Ahşap Özü","Çekicilik, Özgüven ve Cinsel Arzu - Klasik / Minimalist"
"W 92","PURE XS  FOR HER","Oryantal & Çiçeksi & Gurme","Patlamış Mısır, Ylang-Ylang","Şeftali, Portakal Çiçeği, Hindistan Cevizi","Vanilya, Ambrette, Beyaz Misk, Sandal Ağacı, Amberwood","Çekicilik, Özgüven ve Cinsel Arzu - Zarif ve Feminen Kıvrımlar"
"W 94","LOLITA L.","Gurme & Oryantal & Masalsı","Sarmaşık, Anason, Kiraz","Meyan Kökü, Süsen, Amaryllis","Vanilya, Pralin, Tonka Fasulyesi, Misk","Çekicilik, Özgüven ve Cinsel Arzu - Klasik / Minimalist"
"W 95","LOLITA","Gurme & Pudralı & Tatlı","Menekşe, Sarmaşık, Yıldız Anason","İris, Amaryllis, Meyan Kökü, Kiraz","Tonka, Vanilya, Vetiver, Beyaz Misk","Sıcaklık, Huzur ve Yakınlık - Klasik / Minimalist"
"W 96","ADDICT","Oryantal & Çiçeksi & Gece","Böğürtlen, Mandalina Yaprağı","Gece Açan Cereus, Portakal Çiçeği, Gül","Koyu Vanilya, Tonka Fasulyesi, Sandal Ağacı","Çekicilik, Özgüven ve Cinsel Arzu - Zarif ve Feminen Kıvrımlar"
"W 97","VERY IRRESISTIBLE","Çiçeksi & Gül & Yoğun","Cassia, Limon Mine Çiçeği, Anason","Sentifolia Gülü, Şakayık, Manolya","Değerli Taif Gülü Özü","Otorite, Güven ve Profesyonellik - Zarif ve Feminen Kıvrımlar"
"W 98","GREY VETIVER","Odunsu & Baharatlı & Topraksı","Greyfurt, Portakal Çiçeği, Adaçayı","Hindistan Cevizi, Süs Kökü (İris), Yenibahar","Vetiver, Odunsu Notalar, Amber, Meşe Yosunu","Çekicilik, Özgüven ve Cinsel Arzu - Klasik / Minimalist"
"W 99","BITTER PEACH","Meyveli & Oryantal & Tatlı","Şeftali, Kan Portakalı, Kakule, Kediotu","Rom, Konyak, Davana, Yasemin","Vanilya, Endonezya Paçulisi, Tonka Fasulyesi, Sandal Ağacı, Benzoin, Kaşmeran, Labdanum","Sıcaklık, Huzur ve Yakınlık - Klasik / Minimalist"
"W103","EUROPHIA","Oryantal & Çiçeksi & Meyveli","Nar, Trabzon Hurması, Yeşil","Siyah Orkide, Lotus, Manolya","Maun Ağacı, Kehribar, Siyah Menekşe, Misk","Zarafet, Özgüven ve Feminenlik - Zarif ve Feminen Kıvrımlar"